iter	Logloss
0	0.4471070604
1	0.4039994635
2	0.3825007522
3	0.3715592246
4	0.3565500215
5	0.3477813196
6	0.3444042161
7	0.3398248103
8	0.3350148539
9	0.3320447737
